{
  "england": {
    "K": 70,
    "ha": 110,
    "beta": 0.13,
    "decay": 0.003,
    "rho": -0.06000000000000008,
    "T": 2.3204585551194823
  },
  "spain": {
    "K": 70,
    "ha": 60,
    "beta": 0.12,
    "decay": 0.0005,
    "rho": -0.06000000000000008,
    "T": 1.8187704128476887
  },
  "italy": {
    "K": 70,
    "ha": 60,
    "beta": 0.13,
    "decay": 0.0005,
    "rho": -0.2,
    "T": 1.7917854688910673
  },
  "germany": {
    "K": 50,
    "ha": 110,
    "beta": 0.13,
    "decay": 0.0005,
    "rho": 0.01999999999999988,
    "T": 2.6925480793147702
  },
  "france": {
    "K": 70,
    "ha": 110,
    "beta": 0.13,
    "decay": 0.001,
    "rho": 0.17999999999999977,
    "T": 1.8205399941112512
  }
}