{
  "england": {
    "K": 70,
    "ha": 110,
    "beta": 0.13,
    "decay": 0.003,
    "rho": -0.04000000000000009,
    "T": 1.4000000000000008
  },
  "spain": {
    "K": 70,
    "ha": 60,
    "beta": 0.12,
    "decay": 0.0005,
    "rho": -0.04000000000000009,
    "T": 1.1000000000000005
  },
  "italy": {
    "K": 70,
    "ha": 60,
    "beta": 0.13,
    "decay": 0.0005,
    "rho": -0.2,
    "T": 1.1000000000000005
  },
  "germany": {
    "K": 50,
    "ha": 110,
    "beta": 0.13,
    "decay": 0.0005,
    "rho": 0.01999999999999988,
    "T": 1.600000000000001
  },
  "france": {
    "K": 70,
    "ha": 110,
    "beta": 0.13,
    "decay": 0.001,
    "rho": 0.1599999999999998,
    "T": 1.1000000000000005
  }
}